lat|lng|text
46.43096976|6.90936561|ŸÑŸàÿ≥ÿßÿ¶ŸÑ ÿßŸÑÿ•ÿπŸÑÿßŸÖ ÿ∑ÿ±ŸÇŸáÿß ÿßŸÑŸÅÿ±ŸäÿØÿ© ŸÅŸä ŸÑŸÅÿ™ ŸÜÿ∏ÿ± ÿßŸÑÿπÿßŸÖÿ© ŸÑŸÖÿ≥ÿ£ŸÑÿ© ŸÖÿß ÿ´ŸÖ ŸÜÿ≥ŸäÿßŸÜŸáÿß ÿ™ŸÖÿßŸÖÿß ŸàÿßŸÑÿ™ÿ±ŸÉŸäÿ≤ ÿπŸÑŸâ ÿ£ÿÆÿ±Ÿâ ŸàŸáŸÉÿ∞ÿß (#Ebola ŸÖÿ´ŸÑÿßŸã) #media
45.45802637|6.90113202|Can't believe I caught Ebola http://t.co/99VX67No9C
46.23223234|6.13407447|Work ongoing to accelerating #Ebola Operational Readiness in 15 priority countries, including neighbouring countries. @WHO Mission briefing
46.23224381|6.13405092|Complacency is a major concern, we can become our own worst enemy if we do not keep pushing - WHO at today's #Ebola briefing.
46.23224715|6.13405746|Key outcome of #Ebola response 1 Dec: 70% safe burials goal met in all three countries &amp; 70% case treatment goal met in Guinea and Liberia.
46.23223704|6.13407587|Areas of highest transmission of #Ebola remains the capitals in the three countries.
46.23222397|6.1340754|Total number of deaths due to Ebola are now 6841. A significant underestimate according to WHO.
46.23222556|6.13410392|#Ebola briefing @WHO begins with update on the response in the 3 most affected countries. Progress has been mixed.
46.21656543|6.13659711|Simply disheartening. An #Ebola Orphan‚Äôs Plea in #SierraLeone: ‚ÄòDo You Want Me?‚Äô http://t.co/WxMBindtn1
45.2326731|5.6622221|Free ebola.
46.14246862|6.27306781|Rtsi ton daron il pense que Ebola c'est pas plus grave dubsmash
45.19188813|5.72141946|Thomas √ßa sert a tchi t'as ebola ta passe ton aprem chez moi y'a deux jours
46.22661277|6.14056076|"We haven't known #Ebola for long but we know how to stop it..." Bruce Aylward #TEDxNations #stopebola http://t.co/4sYEwtn7Iz
50.41139187|-4.10056551|My future is so blurry #CovenCunt @ ebola ward http://t.co/Z6tHLFDO9v
51.4770266|-3.2527177|Wish this cold would do one now, lost my voice and now I'm shaking and I ain't called Elvis. #Ebola #ManFlu #XmasBug
51.39414757|-3.30395468|A jack bastard has Ebola http://t.co/IFzxZg9dIE
51.51046794|-3.16167784|Gonna catch Ebola in the @cardiffmet library with this mould climbing the windows Ì†ΩÌ∏∑ http://t.co/tAW92lWiIH
51.41574097|-3.28693235|"Ebola puts me off my food" #elin
50.47029552|-3.55500284|@sooneralum78 ah so happy to help rich kids run fast to win medals and become richer while letting Ebola loose on Africa. #Nice @g1rad
51.52880846|-3.5646849|@SkyNews the chap in the yellow cares not one fuck about Ebola
51.02131113|-3.10530192|I'm pretty sure i have Ebola
50.85891319|-3.3961802|Ebola spreading  #ThingsDavidDeGeaCouldSave
51.50918639|-3.16318747|Think I've got Ebola Ì†ΩÌ∏∑
51.35521567|-2.97645554|@taratotts Ì†ΩÌ∏´ times like this I wish I had Ebola
51.4935483|-3.1444125|@bucklebarnes Me and the staff at KMS made this video to raise money for ebola please could you RT  http://t.co/eRjMp7fGlq
50.86858464|-2.56611194|@Jacob_Doble @ChappellEmma ebola
50.2661659|2.7774717|ya m√™me ebola √† guy mo
50.42259313|2.8776531|Ar√™te de faire des UV tu va attraper Ebola cousine
50.4563589|3.0032111|"@Raams_Gotze953: Il va tacler nos meufs cet enfoirer https://t.co/ZGuFoHYvTz" ebola humain
50.52036275|2.64320374|Ya le contr√¥leur je simule que j'ai ebola
50.6368377|3.0898738|"@BTB2159: Vrai l'infirmerie elle sert a rien tu peut avoir le sida, le cancer, ebola elle va te donner un sucre cette pute"‚úãÌ†ΩÌ∏ÇÌ†ΩÌ∏Ç
50.6259334|3.1052125|Vous vous souvenez quand on nous parlait tout le temps d'Ebola? A pr√©sent tout le monde s'en fout alors que c'est toujours l√†.
50.3702562|3.0557884|"@X_Taze: Je suis malade je crois" t'as ebola fr√®re
50.5941691|3.097768|@MinakuAubin: Merci aussi pour ce bel hommage aux combattants contre Ebola :"Ils m√©ritent la reconnaissance de la nation".
50.33071452|3.25635082|√âbola √©bola..
50.72225915|3.18956097|@ZoeGae ebola
51.04861309|2.39888334|Jcrois que si on mange une cr√™pe de charlotte on attrape √âbola sur le coup
50.6660208|3.1421727|Ta m√®re elle a l'ebola fdp
50.47370642|2.88562589|Indila .. √âbola ... C'est un peu pareil ..
50.30124135|3.39506265|Moi je dis, le prochain son de Booba il l'appelle Ebola
50.7339446|3.1344029|Fa√ßon ma m√®re m√™me j'ai ebola elle me dit va en cour Ì†ΩÌ∏ÇÌ†ΩÌ∏Ç
50.69538883|3.14316524|@vtfdrew @jeromejarre MDRRRRRRRRMSBDLDLDN WLH JPENSE J'AI LA EBOLA JE PEUT PAS DORMIR LES 1D ILS ARRIVENT BIENT√îT LA
50.7023912|3.1527436|Jconnais une madame elle part en Afrique pour ebola en janvier
51.0711955|2.5880264|@H_lfc789 Do you have ebola!?
50.5237062|3.0376363|Mon fr√®re je suis s√ªre il a chop√© Ebola. Il a 40 de fi√®vre
50.6320628|3.0530491|@eva_benoit ptdr ebola et chicoungougna aussi
59.3750462|18.01092017|Fl√§derblomspralinen √§r ebola f√∂r smakl√∂karna. St√∂rta Marabou!
59.3639294|18.1580126|Liberias hiphoppare tar striden mot ebola - DN.SE http://t.co/9efBbFIUVh #hiphop #hipco
59.33258|18.0649|IBM &amp; Airtel to launch Ebola containment initiatives in Afri #HumanRights http://t.co/Qq9ZPp457H #TFLaunch http://t.co/gshpADdj7Q
59.277456|18.1366807|@Mikael_Thfc you can't you're ebola
59.3040259|18.0043279|Lockdown in Kono district until christmas. Weve only seen the ears if the hippo #Ebola bodies found piled up in Kono http://t.co/G5lOP2FBZw
59.2774364|18.1366666|@SusenMaharjan but you agree you have ebola hahahah
59.2774263|18.1366797|@SusenMaharjan Lol mero ta chaina ebola
59.2774545|18.1366501|@SusenMaharjan timilae  ebola already lagi sakeko cha HAHA
59.2774318|18.1366144|Monday get ebola
32.4892838|-92.0879239|Ummmmm... Sooo What Happened To Ebola???
32.32524529|-90.83064119|Nelly breath could bring Ebola to America.
32.40605361|-90.13562322|@BeastManSteve Ì†ΩÌ∏ÇÌ†ΩÌ∏ÇÌ†ΩÌ∏Ç poor ebola. the world has other focuses now
32.40610849|-90.13565828|so what happened to ebola? no one seems to talk about it anymore
32.29013859|-90.25941771|Probs just caught Ebola from that gas station though.
32.4671676|34.9553695|I dont wanna offend un , but frankly speaking why you guys so concerned about ebola, which mostly contained
32.4671678|34.9553699|I think people who supposed to fight ebola are doing a fine job already
32.10980601|34.96650785|I'm being followed by an @organism. Is it ebola? A wolf? Potato? Hannity? Grandma?
33.24428592|35.59439018|#Israel donates $10 million to @UN #Ebola fund via @CIJAinfo http://t.co/oDIGbsbkXB
38.889873|-77.008823|HB5729 [Update] Adding Ebola to the FDA Priority Review Voucher Program Act http://t.co/3wrkmKyi1M
38.91558971|-77.03617965|#RWJF report shows Ebola exposed significant weaknesses in the USA‚Äôs ability to handle infectious disease outbreaks #EbolaResponse
38.889873|-77.008823|HB5694 [Update] Contain Ebola and Stop the Epidemic Act of 2014 http://t.co/P36j0PwB5a
38.90145779|-77.03370504|Remember Ebola?
39.2973537|-76.64308744|‚Äú@__cvy: @2288mb3 Ebola having ass Ì†ΩÌ≤Ä‚ÄùÌ†ΩÌ∏ÇÌ†ΩÌ∏ï
38.90164954|-77.05411855|Rt @WHO: Donate and support WHO Ebola response.
You can help stop #Ebola http://t.co/A50YPHy4yW #NoMoreEbola! http://t.co/fZG1M8zUYy‚Äù
38.889873|-77.008823|HB5707 [Update] Ebola Response Act of 2014 http://t.co/4As19E3W2H
38.6949171|-77.2199281|@CashhMANII @Badassnat__ @NOBOY35 @Black_Honduran She got Ebola flowing out her Fallopian tubes
38.91144848|-77.0595433|#Benghazi Syria Crimea Ebola Sony the list of how this White House doesn't know what to do keeps growing http://t.co/g09mOPU0DF
38.9622652|-76.8865427|@JoyAnnReid 
Pls help speak out about Ebola and it's devastating effect on my country Sierra Leone ,Pls my people are dieing need a voice..
38.9624381|-76.8861406|#ebolacrisis
Another Doctor was buried today, which brings the count to 11 Doctors that have died of Ebola.lots of ?s http://t.co/sibkOjIS9Z
38.962358|-76.8865327|Hello Rachel, Ebola is destroying Sierra leone, pls I need to get through to Rev, I want to shed some light on what's happening back home.
39.44730082|-76.83163773|bruh my mom won't let my sister go to school tomorrow b/c there's a rumor Ebola is spreading her school....
38.93728284|-76.92804661|@CandySweetz nope -  it's the Ebola fighters I forgot
39.30532333|-76.81602186|Throwback to when I had Ebola #AmbulanceNigga #ER #Murrrica #Ebola #tbt @ MURRICA!!! http://t.co/q7vyQ3gV0R
38.971024|-77.233416|Contemporary Issue in Science students hosted a bake sale to raise money for the fight against Ebola‚Ä¶ http://t.co/Zr4oo3spAi
39.1457016|-77.0879729|Hunger kills more than Ebola but it's not considered a significant problem since rich people can't die of it. http://t.co/kM7umuxvsg"
38.90181532|-77.03733586|Report: D.C. has gaps in ability to respond to infectious disease (Think: Ebola, Enterovirus): Washington may have‚Ä¶ http://t.co/7IAXZVo03U
39.2814057|-76.59409332|@bbbrieger: Rejection By Hospitals Still Increasing Maternal Deaths http://t.co/0gDUlvNYzi via @allafrica #Ebola fears @GHWAlliance
38.89601366|-77.03893732|Jo Handelsman gave the president a giant Ebola microbe (fluffy) for dinner! http://t.co/uGCqBMJu49
38.8581739|-77.2277655|@DallasMocha #DamnRight like when #Ebola was the headline I'm sure the media wasn't telling something that they should haveÌ†ΩÌ∏¨Ì†ΩÌ≥ªÌ†ΩÌ≥∞Ì†ºÌæ•Ì†ΩÌ≥∫Ì†ΩÌ∏ï
39.3013744|-76.5910557|Lacking surgical hoods and aprons, but ready for Ebola #ppeswag http://t.co/N4w5IbK2vd
38.68050668|-77.34574833|@KalvassLuciano but Ebola kills you.. It doesn't just go away
39.1399048|-77.2271932|"@MittRomney: .@SonyPictures release @TheInterview free online globally. Ask viewers for voluntary $5 contribution to fight #Ebola." haaaaaa
38.58851729|-77.31395325|What ever happened to Ebola tho? Ì†ΩÌ±Ä
39.11250867|-76.85353951|@KingManii__ EBOLA Ì†ΩÌ∏ÖÌ†ΩÌ∏≥Ì†ΩÌ∏∑
38.93294065|-78.20593494|Ebola just disappeared lol smfh the government tell us anything to scare us then it just goes away when they are done fuckin with us
38.29647303|-77.51288368|This place has 'ebola precautions' as soon as you walk in. No, I've not been to Sierra Leone, etc. (@ Patient First) https://t.co/RI65yZnISv
39.36029471|-76.66369745|#ebola figure by #medical #illustration grad student @uoftmedicine beautiful and terrifying! http://t.co/7lUXYlLixQ
38.60632697|-76.89742221|so is ebola still a thing or has literally everyone forgot about it
38.8020737|-77.0514373|So what happened with Ebola?
39.3850734|-76.541729|@LiberianTimes kudos EJS for your steadfastness in d #Ebola fight, cld #Liberia benefit from such steadfastness post Ebola is d ? We hope so
38.9065265|-77.0935667|Guin√©e - Les f√™tes de fin d‚Äôann√©e interdites √† cause d'Ebola
39.3852994|-76.5417138|I ardently hope that  d historians of d future wld write a marvelous chpt of our collective resilience vs #Ebola nt our disunity #Liberia
39.52283723|-77.65543344|#InsteadOfJeb Ebola
39.5178791|-76.6474513|#Liberia is @ a crossroad with d #Ebola crisis.We can either employ our best ideals or resort to political shenanigans 4 selfish gains
39.0454186|-76.9805265|Next week S/Leone and Guinea are sending officials to go house to house for Ebola patients dead or alive . we need to contain this evil viru
39.0454449|-76.9806663|Call the Ebola team for any suspicious activities of the Ebola virus either infected patients or dead bodies . practice proper hand washing
39.0454432|-76.9804764|Ebola virus patients ,no hand shaking ,No hugging , avoid large or small crowds . No hiding Ebola Patient  or dead bodies in the houses .
39.0453697|-76.9803603|In the Hospitals . we should practice Contact precautions . No washing of patients  dead bodies of Ebola virus , no touching an infected
39.0454424|-76.9804901|Contact Isolation by calling the Ebola team or health officers in your region to pick  the patients up for Direct Contact  Isolation
39.045434|-76.9805925|Our elders in west Africa , S/Leone ,Guinea ,Liberia  and Mali need  constant reminders of how the Ebola virus is transmitted or spread .
39.0454144|-76.9804532|The deadly and wicked Ebola  virus is transmitted by Direct. contact of Body fluids of an Infected Ebola patient . our elders  in W/Africa
39.0454671|-76.9806538|The theme of the month is Don't spread the disease , Spread the news and facts about How the Ebola virus is transmitted .
39.045445|-76.9805131|For the Ebola to be contained and eradicated . we need this , kudos to the president of The republic of Guinea  and his team .
38.47379713|-78.0070882|@AloraMckay stay home Ebola
39.08526368|-77.15164342|RT @WISE_Tweets: In an innovative response to the health crisis in #Liberia, classes are continuing over the radio http://t.co/Y30ORxhJy8
38.73043439|-77.27247647|according to webmd i have ebola..
39.43831666|-76.62086284|@EBola_2017 @SARAHcuse_ eby why did you use that emoji Ì†ΩÌ∏ëÌ†ΩÌ∏Ç
38.97605165|-76.53286659|I'm not going go over there if I'm still sick I don't wanna give him my "Ebola virus " Ì†ΩÌ∏ÇÌ†ΩÌ∏ÇÌ†ΩÌ∏ÇÌ†ΩÌ≤Ä
38.97614318|-76.53222361|"ya Ebola having ass " but you love my Ebola ass Ì†ΩÌ∏õÌ†ΩÌ≤ï
39.32809326|-76.54497273|"Ebola dick" ayooo Ì†ΩÌ∏ÇÌ†ΩÌ∏ÇÌ†ΩÌ≤Ä
39.0705344|-77.2252739|God bless those Ebola fighters
38.92241949|-77.05337589|"We raised $28 million from 37 African businesses" @StriveMasiyiwa speaking on his impressive ebola efforts
38.897096|-77.036545|Ebola is serious. @ White House, Washington DC , USA. http://t.co/cq7Med94HC
38.88980197|-77.00780308|Ebola is serious @ US Capitol Hill http://t.co/Ij6bZx1QNQ
39.40707757|-76.60311008|Not sure how I managed to contract Ebola before finals, recover, then get it again right after finals
39.54184547|-77.41809388|@je_c_ka_ I got Ebola you are gunna get it too
38.94546661|-77.44668609|@mjwints @TodayAt_16th OH at Dulles, mom to daughter and son: "keep eating off the ground...you guys will have Ebola soon enough"
39.1698395|-78.1632514|Lol more haters #exposed #cancer #ebola #HIV http://t.co/WWgijanzm6
39.304806|-76.65302846|@prettymiaraa Ebola Ì†ΩÌ∏∑
38.89273339|-77.0193444|Ebola is real @ Newseum http://t.co/NuQV9IRdpK
38.90116669|-77.03775401|Hey guys, remember Ebola? And ISIS?
38.9727524|-77.4068884|Humans lucky that ebola or bird flu don't profess a higher purpose religion, to despatch us. So united we fight&amp; win.
38.81412748|-77.03833392|World's a tough place right now w/ Ebola in Africa, shootings in Sydney &amp; Pakistan, and civil unrest in the States. 

I pray we can endure.
39.401697|-77.8220946|What ever happened to ebola
39.0494732|-76.6920032|@EITMonline mumps = Ebola 2.0
39.06715823|-76.85857693|Niggas be press over these Ebola lookin ass hoes
38.93309064|-77.02348025|@Frannie_J preach. My nigga stop pulling after he got Ebola
39.2779458|-76.5503163|#TurnOffFOX #KillYourTV #FlushRush  via @PolitiFact: False claims about Ebola win #LieOfTheYear http://t.co/5gI08gHvgB
39.0280564|-76.4397578|@Ratty_Boh nothing get better than a nice ebola of ice cream Ì†ºÌΩ®
39.0280013|-76.4397902|@Ratty_Boh you could have ebola
38.84521101|-77.16878673|@medullan @MadPow http://t.co/NSzE13YlvR
38.9747933|-76.954539|@NinoTTG_ ewww, you got ebola
39.3676813|-76.56231975|‚Äú@KING_Meech__: Ebola Just Went Away Huh ? I Don't Hear Anymore Jokes Ì†ΩÌ∏ÇÌ†ΩÌ∏ÇÌ†ΩÌ∏Ç‚Äùforeal tho Ì†ΩÌ∏ÇÌ†ΩÌ∏ÇÌ†ΩÌ∏Ç
38.9071923|-77.0368707|@HdeelAalem Justin bieber is worse than Ebola.
39.30190319|-76.6155346|Johns Hopkins experts help create Ebola suit: More people are dying from the Ebola virus in West African countries,‚Ä¶ http://t.co/mth4BoTvew
38.967751|-77.365728|It smells like EBOLA in here no doubt Ì†ΩÌ∏ñÌ†ΩÌπä (@ LabCorp in Herndon, VA) https://t.co/74b0AccD9b
38.91237638|-77.01810308|.@Africare trained &amp; equipped more than 400 community health workers to fight Ebola in Liberia. Support here http://t.co/P55996DToa
38.903414|-77.0417976|Here @iom mtg on Gain of Function # DRC research all the risk/benefit talk is about rich countries only. Having been in #Ebola I'm PO'ed.
38.9098873|-76.8184038|Was telling y'all Ebola wasn't real ...
39.0328773|-77.1278289|dont even get me started on ebola, bye
38.84677145|-76.90040813|i got ebola.
38.96580799|-76.51966284|‚Äú@_HeimGotti: If u from philly and a Cowboys fan I hope ya mom get Ebola‚Äù Ì†ΩÌ∏≠Ì†ΩÌ∏≠Ì†ΩÌ∏≠Ì†ΩÌ∏≠
38.8725238|-76.8908254|Ebola still killing Africa rapidly ..media stopped covering it cuz america finessed it
38.80138828|-77.05063321|‚Äú@__tyranicole: Tracy gave me ebolaÌ†ΩÌ∏≠‚Äù @BarackObama @MichelleObama @_HEALTH_
38.8636525|-77.0769023|This world is really a valley of tears! What a pathetic story!

An Ebola Orphan‚Äôs Plea in Africa: ‚ÄòDo You Want Me?‚Äô http://t.co/ZqY9mTwto3
38.9622458|-76.8865294|Ebola is setting my country backwards, kids have been out of school for almost a year, and no one seems to know when this crisis will end.
38.97046404|-76.88608522|We r the original Ebola boyz
38.97604873|-76.53283943|watch Erica make me wear this school tomorrow if she make me go Ì†ΩÌ∏≥ that's embarrassing they really gon think I got ebola
38.91726737|-77.0141512|Sweetie Sweetie lost her mom, dad &amp; sister to #Ebola &amp; is now an orphan in #SierraLeone. Read how you can help: http://t.co/cZUc8jNrG9
38.5541999|-76.7845023|So in episode 5 of Greek, Rusty talks about the Ebola virus....that episode aired in Aug. of '07.... Whut? Mind blown
38.04698153|-77.35796487|@AllmightyDj damm bro you hit you got Ebola now and shit Ì†ΩÌ∏ÇÌ†ΩÌ∏Ç
38.69744706|-76.95219853|@ArrogantMal nope i got ebola remeberÌ†ΩÌπå
39.3851567|-76.5417229|@TOPNEWSHERE A great day for  constitutional democracy n #Liberia .Fighting #ebola @ d expense of democracy is d lowest ebb of politics.
38.294971|-77.51586645|@Nashgrier do Yall have ebola #asknacks
39.30190319|-76.6155346|Maryland reservists gear up for Ebola mission: Children bustled through the corridors of an Army Reserve facility‚Ä¶ http://t.co/9VqGOSC3P5
39.39191979|-76.61013757|Sierra Leone's government cancelled Christmas because of the Ebola outbreak. Man... This is heartbreakingÌ†ΩÌ∏¢
39.29380778|-76.59401652|@bylenasun @Jhpiego @JohnsHopkins so proud!: Johns Hopkins team wins U.S. award for improved suit to fight Ebola http://t.co/1g4ABByXCF
38.88859078|-76.97845174|The small child wants a bionic arm for Christmas. And you people are freaking out about Ebola.
36.8052505|10.139111|Lol where is #Ebola ... "@9GAGTweets: A bola - http://t.co/M5o1hywzHc"
36.4203293|10.66875927|Probs gona come back with ebola
-5.826912|-35.2616502|@luisrrenato De qualquer modo, ebola pra frente. Era so um desabafo mesmo.
44.25973332|4.63931719|Selfie, Ferguson, Guerre, Ebola...: Les 10 photos les + marquantes de 2014 selon le Time Magazine http://t.co/T9FUIxeAjT
43.69009057|3.92387306|Jsouhaite vrmt pas la mort aux gens mais elle elle peut choper ebola ou mourir du sida j'men bats totalement les couillesÌ†ΩÌ∏ê
43.61344436|4.01419131|√áa s'passe comment quand tu marches sur le 1D qui d√©file par-terre?...tu chopes Ebola? #NMA2014
43.59521175|3.88411524|Quand j'entends la voix d'Indila j'ai Ebola Ì†ΩÌ±Ä #NMA
43.6343812|5.10950027|Suspicion d'Ebola √† la R√©union  http://t.co/nLJwjqszYL
43.6504878|3.1506108|Les ¬´¬†combattants d'Ebola¬†¬ª¬† d√©sign√©s personnalit√© de l'ann√©e par ¬´¬†Time¬†¬ª http://t.co/KDrq2PViXP via @lemondefr
49.22587259|-122.99905078|Heal people of Ebola mumps use it to bring them to jesus to be humble cry out to you heal all cancer sickness disease
49.2569861|-123.2449354|Cool getting twitter ads for Ebola doctors and nurse recruiting http://t.co/bSlIFUMZQP
49.26686238|-123.14770096|This week Canada  sent medical personnel to SL @rcooley123: Why Is Ebola On The Rise In Sierra Leone? | Care2 Causes http://t.co/5q671mwaFo‚Äù
41.9457686|12.5418937|TIPO L'EBOLA
41.9810548|12.5173078|@bakarasuno EBOLA
41.9554335|12.3968098|i cinesi con la barba = ebola
41.85705648|12.4197443|‚Äú@_DAGOSPIA_: EBOLA, IL MEDICO ITALIANO √â FUORI PERICOLO: RIENTRA L‚ÄôALLARME SULL‚ÄôEPIDEMIA http://t.co/qUrhqGtm7S‚Äù
41.90720908|12.49626033|Grazie alla "mamma del piccolo Loris" e Mafia Capitale pare che nessuno muoia pi√π di #Ebola. Il #grande #giornalismoitaliano.
43.15045048|12.41975086|Migliora il medico siciliano colpito da Ebola.
Tieni duro, eroe.
41.9014395|12.5702929|#jump14 @Francescorocca 50 inferiere volontarie pronte a partire x supportare malati #ebola @FlavioRonzi
41.9787285|12.7107581|"@inkedsoulmates: Questo √® perch√© sto male e Valentina fa uscire il peggio di me Ì†ΩÌ∏í ahahah" ti amo ebola ‚ù§
41.9786721|12.7104853|"Sei l'ebola per la mia tubercolosi ‚ù§"
@inkedsoulmates
41.92239191|12.52118457|Ha commosso il mondo: il grande fotografo che muore fotografando l'ebola http://t.co/q9iLRPctR6
41.9187728|12.5081259|Ebola.
41.92241083|12.52101148|La persona dell'anno secondo Time: il medico ignoto che cura l'Ebola http://t.co/8lRaJXqIcE
41.90844448|12.45948345|@allafrica Ma quanto la nostra stampa ha dedicato agli eroe di #Ebola.Non riusciamo spesso a mettere il naso oltre il nostro piccolo cortile
45.4146042|1.3880659|Y a un One Direction qui a chop√© Ebola ? Ils √©taient bien 5 avant ?!
-26.3619643|27.3178635|Bruh!"@Thabs_Tshilowa: Shit is real "@_malangkane: Ebola statistics are scary.""
-26.3619643|27.3178635|Ebola statistics are scary.
-26.3102|28.16019|This Ebola ish is some serious shiit :|
-25.7394106|28.2839806|Ebola: 11th Sierra Leone doctor dies; fire destroys supplies http://t.co/ajJ2Eziwyn http://t.co/o72Xb8xrXs
-26.13608556|28.01696842|My article from August saying Ebola risks would be completely overblown by US, for geostrategic reasons: https://t.co/GyimhdxTQQ
-26.1552055|28.0999388|@TheVampsTristan Tristan I love u please notice me!!! Come to South Africa!!! (No Ebola here I promise, follow me‚ù§‚ù§Ì†ΩÌπà) follow Mr pleaseÌ†ΩÌ∏öÌ†ΩÌ∏ö
-26.0785239|27.9499685|The world must now deal decisively with  terrorism. We hope AU is not going to drag its feet on Nigeria abduction like it did with Ebola
-25.7594834|28.208526|I knew #Ebola woukd be on the list. These Were The Top 10 Most Popular Searches On Google In 2014

http://t.co/tShTgguMHo
-26.212279|27.9561419|Sad"@The_New_Age: Ebola leaves hundreds Of thousands facing hunger in West African nations | http://t.co/Pya89Odcfu http://t.co/6XgWCjuqKa"
-25.9972194|28.1157677|i asked the same thing lol"@Rendy_Mak: This multichoice Ebola ad still gets me :""D who is this person eating bats?"
-26.1515618|27.939934|He is brave enough @VundoMcpherson American Ebola survivor Dr Rishard Sacra says will return to Medical mission in Liberia
-26.0660575|27.9541658|Ebola. "@Mooks163: Eish, what disease is mild enough for me to have a speedy recovery but serious enough to be in hospital?"
-25.6150525|27.9834915|#Twoogle ....
Are there #Ebola innoculations in SA?
Are there #Ebola innoculations at all?
-25.6150525|27.9834915|"@DorothyNgila: Ebola serum supply reaches Liberia http://t.co/ZBns6xbMOE"
-26.5868087|27.8321782|"just to be on the safe side ne, go check for ebola RT @Nathie_M: Mosquitoes feasted on me izolo :("
-25.9099915|28.197222|I really don't look forward to these vaccines.. ai being treated like we have Ebola here
-25.7394104|28.2839762|Mali Ends Last Quarantines, Could Be Ebola-free Next Month http://t.co/dGQ8oIIhLA
-25.7394104|28.2839762|Sierra Leone to Search Freetown Houses for Ebola Patients http://t.co/5pzBsyqD4W
-25.9100496|28.1971765|@TshegoRakoma hahaha but Ebola hasn't hit SA yet.. I need to understand what I'm getting vaccinated for
-25.909991|28.1972337|I hate needles and I have to get vaccinated tomorrow :( .... do the Brazilians think South Africans have Ebola? :|
-26.0818135|27.9249217|To the brave men &amp; women who sacrifice their lives to assist those affected by Ebola, I say salute, &amp; God bless them! http://t.co/ts56oQdaYQ
-25.9294194|27.9942588|@Trevorgumbi #VatnSit lmao if une Ebola  wopha noMdidi
-26.0446398|28.1010815|@SundayTimesZA Grants are being used to Hypnotize the poor. ..Give the people Pride ,Jobs and Freedom not ebola after hiv.@EconFreedomZA
-26.3659401|27.3962276|Ì†ΩÌ∏Ç might aswell change handle to Ebola. "@ShazzIIAre: Ebola ebola ebola ebola....tryna get that free twitter man. Respect my hustle"
-26.7259461|27.8687266|Band Aid 30: X Factor unveiling for Ebola charity‚Ä¶: http://t.co/GGYrtSUpkB
#Donate #BandAid30
-26.18431033|28.04943851|Yazi !!‚Äú@Siyeh23: Okweyisa nje "@OrlandoGhost: I see.... Morocco is going ahead...hosting Fifa club World Cup ..no Ebola fears right there"‚Äù
-26.1843146|28.04943528|I see.... Morocco is going ahead...hosting  Fifa club World Cup ....no Ebola fears right there
-25.7226154|28.2044485|Another Sierra Leonean doctor sick with Ebola
 http://t.co/5lToS5kIUN @Baidu Browser #BioTurf!
-25.7226154|28.2044485|Liberia reschedules senate vote for December 20 despite Ebola
 http://t.co/VaiynQXha1 @Baidu Browser  #AfroTurf!
-26.1914897|28.0374051|An #Ebola Orphan‚Äôs Plea in #Africa: ‚ÄòDo You Want Me?‚Äô http://t.co/kS5C4AF31t via @nytimes | @cbwaterhouse @simonallison @wheretheroad
-25.9871358|28.1152087|LoL legend"@FootyMemes: Forget Band Aid. David De Gea to save Africa from Ebola! http://t.co/9DOXXXRyT4"
-26.18371|28.2784504|Ì†ΩÌ∏ÇÌ†ΩÌ∏ÇÌ†ΩÌ∏ÇÌ†ΩÌ∏Ç"@ParvesKoyes: LOOOOOOOOL Brad Jones couldn't even catch Ebola if he licked everyone in west Africa"
-26.12552869|28.1187783|@TackleEbola @PeteCarroll @Seahawks @SoundersFC. One of the original heroines of 1976 Ebola outbreak Prof margaretha isaacson
-26.1497626|27.9306676|Why aren't there bucket challenges for Ebola?
-25.7751114|28.195457|Ndine mbijana"@stavhoo: ‚Äú@Frank_Jr_Jr: En route: Zimbabwe (Ì†ΩÌπåÌ†ΩÌ∏Ü)‚Äù hauna ebola hanti?"
-26.2368357|27.9405803|Hopefully, when our border posts peaks, officials won't forget about the #Ebola scare in favour of mass clearance. Ebola is real &amp; deadly
-26.10624868|28.05368773|‚Äú@UNICEF: 5m children are #outofschool due to #Ebola -radio programmes keep some of them learning http://t.co/Madg2gdoYr via @thedailybeast‚Äù
-26.2684234|28.256062|LMAO SMH RT  @Gresham_Major: How a sex position get ebola RT @AP: BREAKING: Missionary infected with Ebola while working in Liberia‚Äù"
-26.2338575|27.87886989|‚Äú@BraLuvo: Overpriced yho ‚Äú@Londeka_Mn: R104 Nandos full chicken ihamba yodwa?? Nje izace kanje nje ngathi ine Ebola? Yhuuuuu‚Äù‚ÄùCc @NandosSA
-26.1325178|28.23263553|Uma j√≥inha para o #ebola, facilitando nossas vidas Ì†ΩÌ±ç @ O.R. Tambo International Airport http://t.co/696a0LUeeY
-26.0092209|28.1093652|SAcan artists lack creativity watching #xfactorUK on @MNet &amp;touched by d song by various artists for d fight against ebola #newsongnotremix
-26.03603604|28.03414602|@MeetingBoy until the linkedin notifications stop and you realise you may as well be dead or have ebola as far as the world is concerned.
-26.1484784|28.014107|Mooi nieuws: Nederland stuurt 50 laboranten naar Sierra Leone om te helpen in de strijd tegen Ebola.
-26.12524936|28.10788699|Yambuku - A fight against Ebola and Haemmorhagic Fevers. The Margaretha Story. On Amazon at a very reduced price for limited time.
-26.1270422|27.9916844|All these people that get big on twitter have CoD shots like ebola..GG guys!
-26.1484789|28.0141063|My God. 2 weken. Dat gaat heel veel problemen geven. RT@allafrica: #SierraLeone Govt Imposes Two-Week Ebola Lockdown: http://t.co/V7foCApU2S
-26.1854937|27.9908713|Happy to represent this Organisation!!! "@rhulani1baloyi: Right To Care seeks #Ebola recruits to work in  Sierra Leone. #sabcnews"
-25.7394105|28.2839753|Mali nears Ebola-free status as last patient leaves hospital http://t.co/8lheidCpUo
-25.7394095|28.2839764|Sierra Leone president makes Ebola plea to chiefs http://t.co/UBSDYsBvvR
-25.73944|28.2840932|Ebola contained at Liberian epicenter - MSF says http://t.co/PEyRSrdaWC
-25.7394407|28.284087|New Leader of UN Ebola Response Appointed http://t.co/BE6W23bcYe
50.05036934|19.90562421|@irwieemoji @Shot4Grande SRAM HAHAHAHAHAHHAHAHAHAHAH WIRUS EBOLA Ì†ΩÌ∏ÇÌ†ΩÌ∏ÇÌ†ΩÌ∏ÇÌ†ΩÌ∏ÇÌ†ΩÌ∏ÇÌ†ΩÌ∏ÇÌ†ΩÌ∏ÇÌ†ΩÌ∏Ç
49.8516117|19.8421327|S≈Çyszeli≈õcie co≈õ o tym ze ebola dotarla do Polski ? ; oo
52.25240643|-0.85396128|Woke up with Ebola
52.5207915|-1.7850117|Everyone was scared of ebola  #2014In5Words
52.82404447|-1.64693694|Is this what Ebola feels like?! Ì†ΩÌ∏™Ì†ΩÌ≤îÌ†ΩÌ≤äÌ†ΩÌ¥´ #feellikedeath
53.3638217|-1.4707456|BBC News - Ebola: Volunteers' diaries from the Ebola frontline http://t.co/fyd53CTpX5
52.4523095|-1.7912167|"@caIlmeathief: what is union j...." ebola
53.51213787|-1.08441347|@Inaam_Ahmed @DannyYoungg @LewisMycock well that's settled, I'm not coming to see you in the holidays then until you get rid of your Ebola‚úã
53.3029573|-1.4542804|@victoria_jaayne @hannahsayles8 Ebola?
52.60610519|-1.17990106|Happy birthday Ebola Ì†ΩÌ∏è @lolaingram97
53.32538271|-1.35304629|@amandabynes ohhh no! It hasn't got Ebola has it???
52.02967526|-0.78798613|"to fight #Ebola"
52.2626928|-0.8232035|Still hoping you all get ebola
52.2626918|-0.8232021|No one is dm'ing me so I hope you all get ebola
52.95616882|-1.15263293|@OfficialRandL ebola
52.4593175|-1.47019023|The most Devastating, horrific and contagious bullshit to come out of 2014 is not Ebola.. 

...It's fucking 'BAE' ! ‚úäÌ†ΩÌ≤¶
53.4072444|-1.41556104|@KieranPrice97 Ebola init kee
52.68851212|-1.7949769|What goes around comes around like Ebola
52.70378024|-1.16184429|@amybrotherhood you got Ebola too?
52.97039276|-1.14676067|So is Ebola not a problem anymore? Because everyone has just stopped talking about itÌ†ΩÌ∏Ç
52.26301234|-0.80427714|@emilydorey_ Ebola
52.2528137|-0.8982669|"@ithinkthatway: I would rather get Ebola than receive this http://t.co/cP5KT0hVDg" Ì†ΩÌ∏í Ì†ΩÌ∏í Ì†ΩÌ∏í
51.91984786|-0.65963448|@JimBlobz so looking forward to the snow! The Ebola is taking it's time to shift but feeling ok
52.71697304|-1.34266438|@Laurensjfoster @mollcryer &lt; EBOLA IN SHEFFIELD
52.37295939|-1.75228694|Dorridge surgery is literaly the worst , nearly an hour late coz some bint put me as did not attend - I WAS EARLY - I may have Ebola bitch
52.6195675|-1.4604484|@deblee_smith "Santa's got Ebola".... That should do it! Ì†ΩÌ∏É
52.6490102|-1.1067384|Ebola Riddim?  Ì†ΩÌ∏è "@SimplyAazDinho: cc @uncleatu Ebola Riddim (November, 2014)(Anjublax - U.I.M Records).zip http://t.co/wnhwmsMfx9"
52.4523149|-1.7912406|remember when instagram got infected with ebola http://t.co/ChaoxLfYEt
52.0387109|-0.7476788|@PS_BETTING @PoulsenFUT Twitter is just like ebola, cba to be on here. Aye bye Ì†ΩÌ∏ò
52.08672457|-0.72589278|@JacobKiff oooo my names kiff and i think i have ebola everytime i'm hungover
52.1931448|-0.51916682|Brothers convinced fight against Ebola will fail and we will all die..His solution is to write to the president.. We don't have one mateÌ†ΩÌ∏Ç
53.44123171|-1.40273639|Coughed n everyone on bus just looked at me asif i have ebola or summet
53.4740834|-1.06345018|Think I'd rather have Ebola than the shits
53.4333281|-1.3571113|Ebola notices on clinic walls, oh ma lord
52.4066786|-1.5049554|This lecture is giving me Ebola.
53.40952395|-1.33275703|@_Bonjoureden THANK YOU :)))) HAVE FUN WITH YOUR EBOLA :)))))
52.4994354|-0.710063|Tbh I can't remember the last time I was ebola free
53.31006107|-1.12575155|@SkyNews well if it's Ebola she's got no worries as Bob's cured it hasn't he? Ì†ΩÌ∏è
52.60475233|-1.68108482|I'm 99% sure I have Ebola
53.24984618|-1.67910429|#ebola link to donate . http://t.co/mrSTI8DJ6J
52.31018|-0.6854238|@TheLadBible #ThingsDavidDeGeaCouldSave a man diagnosed with Ebola
53.38705283|-1.48873453|@Jerusalem_Post Oy vey! Let's hope they all get Ebola!
53.3503388|-0.9050793|@NathaanMason I hit post 3 times............. HIS KEEPER CAN GET EBOLA
52.64903|-1.1067595|LOOOOL Him ... "@London_NuNu: @uncleatu lmfaooooo who's jamal atu...guy with Ebola?"
53.36482833|-1.44807906|@Cath_Tyldesley my ears eyes nose and everything else is BLEEDING!!!! It's either horrendous @TheXFactor or Ebola
52.58974734|-1.18403124|.‚Äú@TIME: Editor @nancygibbs explains TIME's choice for Person of the Year 2014 http://t.co/7eUwWMvEvD #TIMEPOY http://t.co/cOMbiJtaHS‚Äù
52.2667242|-1.1729663|@Caspar_Lee isn't there Ebola in south Africa? ?
52.40639528|-1.52215722|This guy tried moving to me on my train to Birmingham.. Then asks for a sip of my wine? Bess believe I told him I had Ebola.
53.50223489|-1.43974156|@sccialcasualty @sassyjxuregui @buddybounce @FifthHarmony trying to make Ebola a joke yeah cause that's fucking hilarious
52.15515514|-0.43012578|@JodiRose15 has Ebola
53.5909398|-0.65503491|Ebola
52.76537267|-1.24921826|This illness is some kind of Ebola I'm sure Ì†ΩÌ≤Ä
52.62390401|-1.09819539|‚Äú@siddhantparekh: What's the difference between ebola and Liverpool?

Ebola did well in Europe.‚Äù Omg you're a Liverpool fan?!
52.06426565|-0.79429158|@paulchowdhry - Bloody do it!!! 
Make sure you start by coughing a lot and making sure everybody feels like their inhaling EBOLA!!!
52.6101128|-0.2822155|@JLaangeY @Squashableee M8 I love ebola. I get as much free mineral water as I want.
42.94602502|-78.84854184|@Xx_Spoiledbrat omfg bitch Ì†ΩÌ∏ÇÌ†ΩÌ∏Ç I don't got Ebola but nahÌ†ΩÌ∏í I can't come out the house
43.7419012|-79.2319708|The ugly bitches have the worst attitude like they sweet asf or something, like bitch you look like a monkey with Ebola Ì†ΩÌ∏ÇÌ†ΩÌ∏©Ì†ΩÌ±ã
44.0392378|-79.4173563|time for dubs #fuckya #ebola
43.01856864|-78.64632629|@GivMeYoLnch_foo does Ebola get a free picture
43.03890195|-78.90316078|ebola
43.64842391|-79.37536382|Incentive program may alter the economics of Ebola vaccines http://t.co/cVmICchamA
43.7014246|-79.48586388|Fuck this anorexic hoe with her Ebola all up in my space. Like excuse yourself Ì†ΩÌ±ã
43.9019592|-79.3972559|#420blazeitup #WeedSquad #isis #ebola #imhungry
42.94891243|-78.90012903|Think I got Ebola ..
43.7997836|-79.353257|"@TooMessedUp: LIFE HACK:

Rob a store in Texas by fake sneezing and screaming "Ebola!‚Äù

You‚Äôre welcome" whoever came up with this u SMARTÌ†ΩÌ∏Ü
43.7678049|-79.17028164|‚Äú@aphrobae: i cought ebola about a week ago‚Äù same
43.66642319|-79.37233207|@LK4S3 I jut home u get Ebola
43.2647158|-79.8778614|Is this a cold or Ebola
43.42324144|-80.44103201|When people have their bags on the seat and the bus is full #Ebola
43.4232289|-80.44146434|When people take up more than their own seat on the bus #Ebola
42.9507645|-78.8280498|"@Niaira_Renee: Just Came from doctors Ì†ΩÌ∏©"what they say , you got ebola ? Ì†ΩÌ∏±
43.89103311|-78.92501994|"Bet you got more kills than Ebola"
43.7166507|-79.4373479|What's more contagious than Ebola?

Whistling
43.01422477|-78.81150189|@AlexisGlassman happy birthday girl!! Thank you for being the best backspot and saving my life a lot!! love you so much Ì†ΩÌ∏ç #spiderman #ebola
44.30991813|-79.57178964|6:25am, having ebola like symptoms, still gonna make a breakfast miracle bby lets go
43.5886603|-79.6280771|Y do men cheat with ugly bitches lmfaoooo. .. This bitch looks like an ebola monkey
43.4164226|-80.4638643|@VeronicaPeterka I'm sick too but don't see me boosting it with ebola loool ;)
43.2003948|-79.2727054|I have Ebola
43.641607|-79.3761605|Michel du Cille, Pulitzer-winning Post photojournalist who documented ebola epidemic, dies at 58 http://t.co/FmyeRz0x1e
43.64842391|-79.37536382|Swiss trial of Canadian Ebola vaccine suspended over side-effects: Swiss researchers have temporarily halted a‚Ä¶ http://t.co/zD4c6ZqCnL
43.79982032|-79.59043149|‚Äú@VineForTheBird: When you lie and tell a bad ass kid they got EbolaÌ†ΩÌ∏ÇÌ†ΩÌ∏ÇÌ†ΩÌ∏ÇÌ†ΩÌ∏Ç https://t.co/utDf2WbyyL‚Äù @meldefilippis
43.64842391|-79.37536382|Swiss trial of Canadian Ebola vaccine suspended due to side-effects: Swiss researchers have temporarily halted a‚Ä¶ http://t.co/aKFwSUUE6k
43.00883076|-78.78452138|But it's for a good cause. Heck, it's fucking Ebola. Why the hell not.
43.00880326|-78.7845293|Hey folks, so my sister is part of a Amnesty Club and their doing a scavenger hunt fundraiser for Ebola. It's on Saturday and cost $20
42.9533952|-78.6975389|Anybody know what happened to Ebola lol ?
43.11488522|-79.23814819|‚Äú@MarcusTheGOAT: So Ebola just stopped being relevant lol k‚Äù media was trying to distract us from something
50.14309952|8.6834655|Y no, no tiene √©bola
50.14307596|8.68348711|Se acuerdan de la noticia de una enfermera en Madrid que la detectaron con √âbola y tuvieron que sacrificar a su perro?
50.1018829|8.6806793|i have a better chance of having ebola than having you Ì†ΩÌ∏èÌ†ΩÌ±ä
-33.9046706|151.2182813|Robin Williams, World Cup, Ebola the most searched Google terms of 2014 http://t.co/0gCZlNwS10 via @ABCNews
-33.88582146|151.18075472|My faith in the world has been restored. The top Google search terms of 2014:
1. Robin Williams
2. World Cup
3. Ebola
-33.91941|151.0729633|"@botos_power: LMAO I Said Sore Throat Not Ebola Ì†ΩÌ∏ÇÌ†ΩÌ∏Ç "@UN_secretary: @botos_power charle get some 'mako shilawa' bi ne Akakaduro bi wi.""Ì†ΩÌ∏Ç
-33.88175918|151.19637175|Mum: you cant go to Africa, youll get Ebola
Me: mum do you know how hard that is to contract?
Mum: what if someone sneezes on your eyeballs?
-33.96590646|151.03138391|At least I have a legitimate excuse tho cos I was coughing down the whole office yesterday Ì†ΩÌ∏ì don't wanna spread my Ebola zzzz
-33.9184533|151.0715416|Emmom. But who's this woman ?"@Pamelaaa_A: AIDS doesn't look deadly anymore. Ebola overshadowed it."
-34.02050113|151.04332519|@prayandsitonit I'm surprised you didn't use my Ebola ID picture
-33.73665943|150.89850103|@Luke_iloveyou_ check this out. @kiana_has_ebola
-33.73667693|150.89851455|@kiana_has_ebola wow how pathetic are you to make this account. Leave kiana alone seriously, you're nothing but a keyboard hero ‚úã
-33.93641689|151.16825482|EBOLA! @ Sydney Airport http://t.co/V2qMztTzhT
-34.01653885|151.04177577|Is this what Ebola feels like?
-33.87630408|151.21481165|Sierra Leone bans Xmas gatherings over #ebola. Quick someone tell Sir Bob   http://t.co/TV17TBYA6y
-33.96589599|151.03135004|@FaavaoaEte just you doing feaus today? Man I'm sick az. Lucky I didn't come then. Would've spread my Ebola to you guys lol zzzz
-33.87015064|151.20305484|Couldn't agree more. @TIME magazine's  #peopleoftheyear #Ebola #fighters http://t.co/A3jxFpj2aW
-33.96554148|151.10292972|@PatrickManeesir *ebola
-34.0134559|151.0653065|Ebola! That is all
45.22060825|-75.69713694|My good friend @ChazzaiA writes well and is en route to Freetown for the Australian response to #ebola - follow him https://t.co/wxgORd9VZo
45.4187299|-75.6945523|Jabari Parker tore his ACL. Listen young man, you could be in west Africa with Ebola &amp; no water I don't wanna hear any complaints.
45.22073794|-75.69705916|@ChazzaiA is this your destination?@GuardianAfrica: Ebola: Australian-run centre in Sierra Leone opens for business http://t.co/GPQRO5JbqS
45.4655289|-75.7735033|Ebola je te donne 16 jours pour foutre d√©finitivement le kan en Guin√©e Ì†ΩÌ∏°Ì†ΩÌ∏°
37.4058309|-5.9247072|Mi twitter tiene √©bola
37.4134942|-5.9778412|Conchita la de eurovision... El ebola... #porracuple
37.3845962|-6.0071911|El betis es sida, pero si le quitan a ruben castro se queda solo en √©bola.
37.2640648|-6.5252712|"@CESMARAGON: Ingresa en el #RoyoVillanova por sospecha de #√©bola 
http://t.co/srnBKHgmok"
37.3768283|-6.0429218|A ver, si eres fea no tienes porq mandarme fotos para que mi tel√©fono coja √©bola.
37.53815207|-5.07724956|@fertejerom s√≠ el ebola se contagia por la saliva Rajoy diciendo bershka nos matar√≠a a todos
37.35172502|-6.00664469|Ebola me da verte, zorra con deformida radioactiva y cuerpo de espaguetti revenio xd Mugreeee q das mugreee
37.3873839|-6.0121862|#futbolatresmedia Viendo el betis desde Sierra Leona combatiendo el ebola, Vamos Betis!!!!
37.3383886|-6.5352578|@anahidaalgo @RodriCast98 Ve si os entra el ebola Ì†ΩÌ∏ê
37.5038252|-7.2701277|@Ireenemolina  esto es como el ebola... pronto todos con la mecha esa puesta @AMaestre96
13.6844381|-89.2386749|La vacuna china contra el √©bola entra la fase de pruebas cl√≠nicas http://t.co/FqgGx1C09T http://t.co/797V7XkZ74 #EU
13.6843573|-89.2386609|ONU pide cancelar la deuda externa de pa√≠ses afectados por el √©bola http://t.co/I3PgVlBMLJ http://t.co/jY6Ij79Bpi #EU
13.6194353|-86.4785708|#UltimaHora #√âbola || Bloqueo contra #Cuba impidi√≥ pagar estad√≠a de m√©dicos en √Åfrica || http://t.co/wkp0vSOSaY http://t.co/0sCfu1QEBp
13.7241111|-89.2116144|El virus del √©bola puede permanecer en el semen hasta tres meses despu√©s de superada la enfermedad http://t.co/R6Q5XAAosc"
13.3083125|-87.1828448|‚ÄîDoctor, ¬øQu√© tengo?
‚Äî√âbola.
‚Äî¬ø√âbola? ¬øEs grave?
‚ÄîNo, es esdr√∫jula.
‚Äî¬°JAJAJ√Å! ¬øLo vio en Twitter, verdad?
‚Äî¬°JAJAJ√Å! S√≠... En fin, se morir√°.
13.6915981|-89.2249405|"@Salvadorvas1 @RadioYXY Sierra Leona proh√≠be celebrar las fiestas navide√±as para contener la epidemia de √©bola http://t.co/CME8nViWbS
13.6507182|-89.166898|Sierra Leona proh√≠be celebrar las fiestas navide√±as para contener la epidemia de √©bola http://t.co/81u6MXbSx3 #ANTENA3
13.6476071|-88.7819186|Saben, si me trae chingada ver a las parejas hablar fuera de sus chats, es como si viniesen con ebola y todo.
46.8591937|-71.1936357|http://t.co/EOIcKOx8pK
34.53742525|-86.15556917|Pretty sure the government was just distracting us from something with the Ebola thing- it's not mentioned anymore
35.7695383|-86.335631|@thewafflemaker7 If I can survive midterms, then I can survive ebola
34.60710574|-87.00145088|@Self_MadequeenG they Betta not come towards me. They bout got Ebola lol
34.5806256|-86.9700886|Ebola....a trick of the enemy....to get your mind off Jesus
34.9952629|-85.2203676|"It's not Ebola!" Man trying to pass hospital bracelet among East Ridge council to prove he allegedly has bronchitis.
43.7419012|-79.2319708|The ugly bitches have the worst attitude like they sweet asf or something, like bitch you look like a monkey with Ebola Ì†ΩÌ∏ÇÌ†ΩÌ∏©Ì†ΩÌ±ã
44.0392378|-79.4173563|time for dubs #fuckya #ebola
43.03890195|-78.90316078|ebola
43.64842391|-79.37536382|Incentive program may alter the economics of Ebola vaccines http://t.co/cVmICchamA
43.7014246|-79.48586388|Fuck this anorexic hoe with her Ebola all up in my space. Like excuse yourself Ì†ΩÌ±ã
43.9019592|-79.3972559|#420blazeitup #WeedSquad #isis #ebola #imhungry
43.7997836|-79.353257|"@TooMessedUp: LIFE HACK:

Rob a store in Texas by fake sneezing and screaming "Ebola!‚Äù

You‚Äôre welcome" whoever came up with this u SMARTÌ†ΩÌ∏Ü
43.7678049|-79.17028164|‚Äú@aphrobae: i cought ebola about a week ago‚Äù same
43.66642319|-79.37233207|@LK4S3 I jut home u get Ebola
43.2647158|-79.8778614|Is this a cold or Ebola
43.42324144|-80.44103201|When people have their bags on the seat and the bus is full #Ebola
43.4232289|-80.44146434|When people take up more than their own seat on the bus #Ebola
43.89103311|-78.92501994|"Bet you got more kills than Ebola"
43.7166507|-79.4373479|What's more contagious than Ebola?

Whistling
44.30991813|-79.57178964|6:25am, having ebola like symptoms, still gonna make a breakfast miracle bby lets go
43.5886603|-79.6280771|Y do men cheat with ugly bitches lmfaoooo. .. This bitch looks like an ebola monkey
43.4164226|-80.4638643|@VeronicaPeterka I'm sick too but don't see me boosting it with ebola loool ;)
43.2003948|-79.2727054|I have Ebola
43.641607|-79.3761605|Michel du Cille, Pulitzer-winning Post photojournalist who documented ebola epidemic, dies at 58 http://t.co/FmyeRz0x1e
43.64842391|-79.37536382|Swiss trial of Canadian Ebola vaccine suspended over side-effects: Swiss researchers have temporarily halted a‚Ä¶ http://t.co/zD4c6ZqCnL
43.79982032|-79.59043149|‚Äú@VineForTheBird: When you lie and tell a bad ass kid they got EbolaÌ†ΩÌ∏ÇÌ†ΩÌ∏ÇÌ†ΩÌ∏ÇÌ†ΩÌ∏Ç https://t.co/utDf2WbyyL‚Äù @meldefilippis
43.64842391|-79.37536382|Swiss trial of Canadian Ebola vaccine suspended due to side-effects: Swiss researchers have temporarily halted a‚Ä¶ http://t.co/aKFwSUUE6k
43.11488522|-79.23814819|‚Äú@MarcusTheGOAT: So Ebola just stopped being relevant lol k‚Äù media was trying to distract us from something
48.1925954|16.3472768|Hambre amenaza a pa√≠ses africanos afectados por el √©bola.
48.2275559|16.3510231|"@FRANCE24: UN chief says will leave Wednesday for visit to Ebola-hit countries http://t.co/Sbx06RMR3M"
48.1555237|16.45186039|Phase I study for a new #Ebola vaccine temporarily stopped over safety concerns. Other studies still ongoing.
http://t.co/GrCZtnZ7GY
50.14309952|8.6834655|Y no, no tiene √©bola
50.14307596|8.68348711|Se acuerdan de la noticia de una enfermera en Madrid que la detectaron con √âbola y tuvieron que sacrificar a su perro?
50.1018829|8.6806793|i have a better chance of having ebola than having you Ì†ΩÌ∏èÌ†ΩÌ±ä
49.4148212|7.56773396|@FuzionZ_ Want to do GBs soon? 
These IRLs are giving me Ebola

My rank is Ass now
53.352509|-6.392535|S Leone houses searched for Ebola http://t.co/A90vBjy4eg
53.37337185|-6.58752541|Whatever happened to Ebola?Ì†ΩÌ∏Å
53.29527745|-6.14439685|@BAndrewsGOAL live on Sky News from Dun Laoghaire at 5.30 talking about @GOAL_Global #Ebola response
53.352504|-6.392561|S Leone houses searched for Ebola http://t.co/A90vBjy4eg
53.352501|-6.392585|Ebola serum supply reaches Liberia http://t.co/JnddUuAGqU
53.352508|-6.392618|S Leone houses searched for Ebola http://t.co/A90vBjy4eg
53.3924294|-6.2389737|"@ItsReginaG: I would rather get Ebola than receive this http://t.co/PrSsjh0WI9" @MelClarke24
53.3614659|-6.27265409|Dcu sending out heartfelt emails asking us to kindly not bring back EBOLA after Christmas
53.33396329|-6.32475471|@shaunaGanno ugh please scotland gave me ebola can't even talk Ì†ΩÌ∏Ç
53.32986955|-6.32381104|Why did scotland have to give me ebola
52.97088982|-6.05702616|I don't give a fuck I'm still scared of Ebola #paro
53.352589|-6.392726|Ebola serum supply reaches Liberia http://t.co/JnddUuAGqU
53.352507|-6.3926|Ebola serum supply reaches Liberia http://t.co/JnddUuAGqU
53.39967168|-6.17883501|I 100% think I have Ebola
52.7853209|-6.5463413|Where even is Ebola?
53.352505|-6.3926|WHO: Ebola 'running ahead of us' http://t.co/HQeDQWAWOZ
53.35253|-6.392573|Ebola vaccine trial 'interrupted' http://t.co/MvpH8HvhLx
53.352523|-6.392518|Mali: last known Ebola case cured, released (from @AP) http://t.co/uY7patqm8T
53.352533|-6.39261|Ebola dead piled up in hospital http://t.co/48Gm5mBes4
46.8592066|-71.1935799|Les ¬´¬†combattants d'Ebola¬†¬ª¬† d√©sign√©s personnalit√© de l'ann√©e par ¬´¬†Time¬†¬ª http://t.co/JD3qy2IAyy via @lemondefr #polcan #polqc
39.23623395|-84.592213|Nah fr I think I got Ebola
39.15025822|-84.47449598|It's Always Sunny made an Ebola joke back in 2005
38.18244574|-84.27750028|@The_Cooper23 that joke was so bad it gave me Ebola.
39.18689027|-84.56955742|Ebola was just to take our mind off the Ferguson case. Soon as the case was over Ebola went away..
37.98053923|-84.46180701|I think it's so weird how Ebola just disappeared. That's a good thing, but still... where TF did it go? Niggas just stopped talkin about it.
39.26368708|-84.60214725|@Vanover_3 Ebola..
38.67657546|-84.04484532|@HallJhall201166 @Steven_flora @badmuthaTUCKER5 you've been sick for like 2 weeks. You got Ebola?
39.1976972|-84.5325907|Damn he say touch me &amp; you gone catch it Ebola!
39.09014208|-84.3840186|I like how Ebola just disappeared . Ì†ΩÌ∏Ü
39.07854015|-84.46687689|There's Ebola signs all over the hospital .. Really
38.02235495|-84.41049845|Officials confirm patient transported to UK Hospital from Madison County does not meet the criteria for Ebola http://t.co/O0JV1fIgDw
38.3872974|-84.28628745|‚Äú@universityofky: Officials confirm patient transported to UK does not meet criteria for exposure to Ebola.‚Äù @kaleb_charles14
38.0326151|-84.5014322|@Mitch_Lawson14 @b_ryanCOMORA Ebola
39.0661363|-84.84934791|@Arianna_5SOS o and FYI I have Ebola not the flu U shit.
38.94962625|-85.83450761|Sausage McMuffin with egg and a @McDonalds coke is such a good remedy for hangovers.  Have we tried this on Ebola?
38.9733225|-84.71172|Ebola
39.04294302|-84.55725186|@leighcrystal15 Ì†ΩÌ∏ÇÌ†ΩÌ∏Ç get ebola and die
38.34459513|-85.49074833|Sharks, Chickens and Ebola all headed to Worlds 2015 Ì†ºÌºç
38.75094807|-83.84723933|Y'all thought we'd be dead from Ebola by now.. Ì†ΩÌ∏Ç nah.
39.0748677|-84.37034794|#ebola #pinkeye #whoops idk but if I have a zombie virus I know who I'm gonna give it too... Ì†ΩÌ±πÌ†ΩÌ∏à http://t.co/HAIIRPwOMW
38.01801802|-84.41617231|Give me the choice of listening to Sam Smith or getting Ebola and I'll take the hemorrhaging 10 times out of 10. #worstmusicever
38.2490411|-85.751091|The husband's breath smells like ebola. #CrestPlease
39.30824915|-84.49901102|Where's Ebola Ì†ΩÌ±Ä
39.60835711|-85.44228444|@katiiejo_ thanks! You doing any better today Ebola?
38.3530341|-85.7998905|@Frank_Lobo17 @yelllaaaa_ @Sockavelii @Jashby32 Courtney and I are suffering from a mixture of Ebola and the bubonic plague
50.79279279|5.47273044|Francken: 'Het zou geen juist signaal zijn om ebola nu te erkennen als reden voor asiel' - Belgi√´ - Knack Mobile - http://t.co/tXElE4DGPh
51.25579672|5.70884067|paullenders #ikeileen14jarigmeisje #ikhebal100bierop #obamapresident #ebola‚Ä¶ http://t.co/drNlFFYZXG
50.9013217|6.0255558|@noomsartpop EBOLA EBOLA EBOLA EBOLA
49.5247534|5.3483598|Pk personne me parle ? J'ai pas ebola
42.94602502|-78.84854184|@Xx_Spoiledbrat omfg bitch Ì†ΩÌ∏ÇÌ†ΩÌ∏Ç I don't got Ebola but nahÌ†ΩÌ∏í I can't come out the house
43.7419012|-79.2319708|The ugly bitches have the worst attitude like they sweet asf or something, like bitch you look like a monkey with Ebola Ì†ΩÌ∏ÇÌ†ΩÌ∏©Ì†ΩÌ±ã
44.0392378|-79.4173563|time for dubs #fuckya #ebola
43.01856864|-78.64632629|@GivMeYoLnch_foo does Ebola get a free picture
43.03890195|-78.90316078|ebola
43.64842391|-79.37536382|Incentive program may alter the economics of Ebola vaccines http://t.co/cVmICchamA
43.7014246|-79.48586388|Fuck this anorexic hoe with her Ebola all up in my space. Like excuse yourself Ì†ΩÌ±ã
43.9019592|-79.3972559|#420blazeitup #WeedSquad #isis #ebola #imhungry
42.94891243|-78.90012903|Think I got Ebola ..
43.7997836|-79.353257|"@TooMessedUp: LIFE HACK:

Rob a store in Texas by fake sneezing and screaming "Ebola!‚Äù

You‚Äôre welcome" whoever came up with this u SMARTÌ†ΩÌ∏Ü
43.7678049|-79.17028164|‚Äú@aphrobae: i cought ebola about a week ago‚Äù same
43.66642319|-79.37233207|@LK4S3 I jut home u get Ebola
43.2647158|-79.8778614|Is this a cold or Ebola
42.9507645|-78.8280498|"@Niaira_Renee: Just Came from doctors Ì†ΩÌ∏©"what they say , you got ebola ? Ì†ΩÌ∏±
43.89103311|-78.92501994|"Bet you got more kills than Ebola"
43.7166507|-79.4373479|What's more contagious than Ebola?

Whistling
43.01422477|-78.81150189|@AlexisGlassman happy birthday girl!! Thank you for being the best backspot and saving my life a lot!! love you so much Ì†ΩÌ∏ç #spiderman #ebola
44.30991813|-79.57178964|6:25am, having ebola like symptoms, still gonna make a breakfast miracle bby lets go
43.5886603|-79.6280771|Y do men cheat with ugly bitches lmfaoooo. .. This bitch looks like an ebola monkey
43.2003948|-79.2727054|I have Ebola
43.641607|-79.3761605|Michel du Cille, Pulitzer-winning Post photojournalist who documented ebola epidemic, dies at 58 http://t.co/FmyeRz0x1e
43.64842391|-79.37536382|Swiss trial of Canadian Ebola vaccine suspended over side-effects: Swiss researchers have temporarily halted a‚Ä¶ http://t.co/zD4c6ZqCnL
43.79982032|-79.59043149|‚Äú@VineForTheBird: When you lie and tell a bad ass kid they got EbolaÌ†ΩÌ∏ÇÌ†ΩÌ∏ÇÌ†ΩÌ∏ÇÌ†ΩÌ∏Ç https://t.co/utDf2WbyyL‚Äù @meldefilippis
43.64842391|-79.37536382|Swiss trial of Canadian Ebola vaccine suspended due to side-effects: Swiss researchers have temporarily halted a‚Ä¶ http://t.co/aKFwSUUE6k
43.00883076|-78.78452138|But it's for a good cause. Heck, it's fucking Ebola. Why the hell not.
43.00880326|-78.7845293|Hey folks, so my sister is part of a Amnesty Club and their doing a scavenger hunt fundraiser for Ebola. It's on Saturday and cost $20
43.11488522|-79.23814819|‚Äú@MarcusTheGOAT: So Ebola just stopped being relevant lol k‚Äù media was trying to distract us from something
56.9773196|24.1784711|Man ebola nedraud, jo kƒÅ saka: ,, –ó–∞—Ä–∞–∑–∞ –∫ –∑–∞—Ä–∞–∑–µ –Ω–µ—Ä–ø–µ–ª–∏–ø–∞–µ—Ç." / Vƒìstures uƒçuks.
56.8268056|24.029121|@Polarlacis123 ebola
57.1438638|24.8475398|Zinot to ka LatvijƒÅ ir ebola es rokas no kabatƒÅm ƒÅrƒÅ nevilk≈°u :D
56.7349802|24.0558546|@unicorn_KK ebola ir pie manis, jo es dzƒ´voju ar Ebolviku. :DD
56.8237321|24.2291449|ebola LiepƒÅjƒÅ? l≈´dzu nesmƒ´diniet tautu
56.6508695|23.7248727|Agnese:Eu ƒçali iedod padzerties.
ƒåalis:≈Öƒìm
Agnse:Tev Ebola nav?:D
Loreta sƒÅk rƒìkÌ†ΩÌ∏ÇÌ†ΩÌ∏ÇÌ†ΩÌ∏ÇÌ†ΩÌ∏Ç
57.1514684|24.84424673|Omg ebola .. Liepaaja.. Pakala mums buss!! o_O
56.8420271|24.269547|LiepƒÅjƒÅ atrada pirmo cilvƒìku miru≈°u no ebolas , Ebola jau LatvijƒÅ , naiss . Ì†ΩÌ±èÌ†ΩÌ±èÌ†ΩÌ±èÌ†ΩÌ±èÌ†ΩÌ±èÌ†ΩÌ±è
41.0411951|-81.21708469|#2014In5Words the "survive Ebola" starter pack @midnight
40.88612792|-81.59116142|Ebola, Bill Cosby, Ukraine, Ferguson, Sony, ISIS, Cuba, Robin Williams #2014 #wedidntstartthefire
41.493633|-81.7037364|@SupermanStank25  did sid Crosby have ebola?
41.0654883|-81.5356265|So all the hype about Ebola just up and vanished huh ?
41.04573522|-81.21694019|Well I texted jenna and ignored me like I was Ebola or some shit
41.4473367|-81.7011179|I feel so sick.  My stomach is just spasming and cramping with no outcome and I'm so nauseous.  I think I have ebola for real.
41.05458349|-81.4924257|@mrmeechie walking Ebola though??? Smh
41.38862672|-82.07203915|@x_JNP childish af! Ì†ΩÌ∏ÇÌ†ΩÌ∏ÇÌ†ΩÌ∏ÇÌ†ΩÌ∏ÇÌ†ΩÌ∏Ç you gone comment on my status though &amp; say ebola! Ì†ΩÌ∏ÇÌ†ΩÌ∏í
41.1109032|-81.573317|Downing this bottle of cough syrup like Lil Wayne sizzurp #Ebola
41.50182773|-81.56330984|@Dayton_donyai thanks ebola boaaaa barley
41.4866229|-81.73499848|‚Äú@ABC: American Ebola survivor Dr. Richard Sacra says he is returning to medical mission in Liberia"more ppl like this &amp; less @bomani_jones
41.45073284|-81.70826972|‚Äú@NYChrisG: Whatever happened to Ebola? Did she go home or something?‚Äù

She didn't go anywhere. She just got buffed in the USF4 patch.
41.43172954|-82.07860208|When you get and Ebola question on trivia crack Ì†ΩÌ∏ÇÌ†ΩÌ∏ÇÌ†ΩÌ∏Ç
41.30856303|-81.44202121|*Ebola joke*
everyone laughs 
*AIDS joke*
everyone laughs
*Cancer joke*
wtf is wrong with you? people die of Cancer!"

@dwheaton123
41.532663|-81.5536525|"@4Feet9Inches: I got Ebola http://t.co/9g47rtNPcD"Ì†ΩÌ±Ä
41.449637|-81.8771943|@MahaKordab @jjgosha Jeremy has Ebola. I witnessed it
41.4601862|-81.85313971|‚Äú@Funkagenda: When you got Ebola but Bae still wants the D‚Ä¶ http://t.co/FdFbjoZSuT‚Äù @sleezyaustt
41.32165531|-82.75036898|Whatever happened to Ebola?
41.50657669|-81.63225973|@DesireXtra_E Ebola
41.56595758|-81.40259817|Wow . So I think I just woke up with Ebola . I'm sick af Ì†ΩÌ∏∑
41.60438538|-81.52043152|One of yall dirty mothaf*ckas at Euclid gave me EbolaÌ†ΩÌ∏í thanks a fucking lot!
41.4584871|-82.18454347|Somebody Instagram name is " damn I got Ebola " Ì†ΩÌ∏ÇÌ†ΩÌ∏ÇÌ†ΩÌ∏ÇÌ†ΩÌ∏ÇÌ†ΩÌ∏Ç
41.04703411|-81.49840786|I wish I didn't have Ebola
41.57770693|-81.50867083|It's too much going onÌ†ΩÌ∏©you got Ebola in Africa coming over in the US cops shooting people for no reason and everyday drama why can't it stop
41.2018523|-81.4822217|"@CPHOEP: To learn more about CPH #Ebola Preparedness and Response visit: http://t.co/xhTmI4zN5b http://t.co/MqqkSZirNx"
41.34485817|-81.67095671|Proud to say I fought off the Ebola virus
41.37757301|-81.44473463|So my brother has Ebola...Ì†ΩÌ∏£Ì†ΩÌ∏î
41.5114549|-81.5680447|@nevyaar Ì†ΩÌ∏ÇÌ†ΩÌ∏ÇÌ†ΩÌ∏Çebola pussy? i hope not
41.27165706|-82.05147886|Ebola had about as many hits as Soulja Boy.
